{"_timestamp":1.7316950227689972e+09,"_runtime":0.705486,"_step":7,"_wandb":{"runtime":0},"acc":0.7285937215854194,"loss":0.20482692721462425}