{"loss":0.1654068664545617,"_timestamp":1.731696369439429e+09,"_runtime":0.491914,"_step":7,"_wandb":{"runtime":0},"acc":0.9332728109093292}