{"acc":0.8433155213447692,"loss":0.06010891330180887,"_timestamp":1.731697213444865e+09,"_runtime":0.43987,"_step":7,"_wandb":{"runtime":0}}